iter	TotalF1	MultiClassOneVsAll
0	0.3604396616	-0.4183675182
1	0.4839696915	-0.3096819131
